review_id	platform	item_id	item_category	product_name	product_variant	rating_star	raw_comment	created_at	crawled_at	aspect_quality	aspect_price	aspect_packaging	aspect_delivery	aspect_customer_service	hitl_flag	annotated_by
sp_7616202475	shopee	1365139205	general	FREE SHIP XỐP DÁN TƯỜNG 3D CHỐNG ẨM CÁCH ÂM CÁCH NHIỆT GIÁ RẺ		5	Miếng dán sốp tiện lợi, dể dán keo bám rất chất, độ dày: mỏng vừa nên keo bám tốt, Nên mua về dán phòng ngủ, tủ các thứ bạn muốn,	2022-02-28 21:17:16	2026-09-29 23:55:44	1	0	0	0	0	OK	gemini_3.8_flash
sp_12300584540	shopee	1365139205	general	FREE SHIP XỐP DÁN TƯỜNG 3D CHỐNG ẨM CÁCH ÂM CÁCH NHIỆT GIÁ RẺ		5	Chất lượng sản phẩm:Tuyệt vờiiiii Đúng với mô tả:Đúng hình ảnh shop đăng , đúng màu sắc kích thươc mô tả Vừa to mà đẹp nữa , nên mua nha mọi người , shop giao hàng cũng nhanh lắm , ai thích mày hồng thì lấy màu này , dán lên nhìn phòng sáng lắm , 22 miếng mà có 124k quá rẻ luôn , lần sau có decor phòng thì ghé ủng hộ shop …!!!!	2023-08-16 19:11:35	2026-09-29 23:55:44	1	1	0	1	1	OK	gemini_3.8_flash
sp_13295069464	shopee	1365139205	general	FREE SHIP XỐP DÁN TƯỜNG 3D CHỐNG ẨM CÁCH ÂM CÁCH NHIỆT GIÁ RẺ		5	Chất lượng sản phẩm:toot Đúng với mô tả:chính xác Mua lần 3- sản phẩm dán lên rất đẹp, keo chắc chắn, giao hàng nhanh, đóng gói cẩn thận, giá cả rẻ so với chổ khác! cả nhà nên mua nhé	2023-11-22 10:52:00	2026-09-29 23:55:44	1	1	1	1	0	OK	gemini_3.8_flash
sp_5630622197	shopee	1365139205	general	FREE SHIP XỐP DÁN TƯỜNG 3D CHỐNG ẨM CÁCH ÂM CÁCH NHIỆT GIÁ RẺ		5	Chất lượng sản phẩm rất OK, gửi đúng số lượng, chất lượng họp với giá tiền rẻ đẹp. Minhf ungw nhất laf đóng gois cẩn thận.Mình quay màu hơi tối nhưng ở ngoài đẹp lắm nha mn. Nên mua👍👍👍	2021-08-10 12:22:41	2026-09-29 23:55:44	1	1	1	0	1	OK	gemini_3.8_flash
sp_10234288728	shopee	1365139205	general	FREE SHIP XỐP DÁN TƯỜNG 3D CHỐNG ẨM CÁCH ÂM CÁCH NHIỆT GIÁ RẺ		5	Sản phẩm đẹp, I hình, giá lại rẻ, chất lượng tốt, màu xám dán lên tường nhìn sạch sẽ, con mình rất thích, nếu có mua thì sẽ ủng hộ shop thêm nữa, mn nên mua nhé	2022-12-05 22:35:01	2026-09-29 23:55:44	1	1	0	0	0	OK	gemini_3.8_flash
sp_9629901923	shopee	1365139205	general	FREE SHIP XỐP DÁN TƯỜNG 3D CHỐNG ẨM CÁCH ÂM CÁCH NHIỆT GIÁ RẺ		5	Đúng với mô tả:đúng Chất lượng sản phẩm:tôt Miếng dán xốp đẹp lắm luôn. Lại rẻ nữa. Dán lên tường bé con rất thích thú. Giờ mua lại nữa nè	2022-09-22 15:38:39	2026-09-29 23:55:44	1	1	0	0	0	OK	gemini_3.8_flash
sp_6149316556	shopee	1365139205	general	FREE SHIP XỐP DÁN TƯỜNG 3D CHỐNG ẨM CÁCH ÂM CÁCH NHIỆT GIÁ RẺ		1	Thật sự để mà nói mua hàng lần đầu cũng như lần cuối của shop luôn ấy.đóng gói hàng như thế này nếu shop là khách hàng shop có nhận hàng ko?hẹn hạn giao cuối là 25/9 mà hn 1/10 mới giao mình đã cố đợi rồi xong nhận đc kiện hàng quá thất vọng.shipper đi trời ướt lại bị ướt hết cả bao nước thấm vào.	2021-10-01 12:33:16	2026-09-29 23:55:46	0	0	3	3	3	OK	gemini_3.8_flash
sp_7638443387	shopee	1365139205	general	FREE SHIP XỐP DÁN TƯỜNG 3D CHỐNG ẨM CÁCH ÂM CÁCH NHIỆT GIÁ RẺ		1	Shop giao hàng nhanh. Sản phẩm thì theo quan điểm của mình thì không đánh giá cao ạ. Chất keo k dính. Shop để độ dày miếng dán là 3.5mm nhưng k phải ạ. Sản phẩm kém, mỏng và k dính so với mua ở ngoài ạ	2022-03-03 10:50:04	2026-09-29 23:55:46	3	0	0	1	0	OK	gemini_3.8_flash
sp_6742926018	shopee	1365139205	general	FREE SHIP XỐP DÁN TƯỜNG 3D CHỐNG ẨM CÁCH ÂM CÁCH NHIỆT GIÁ RẺ		1	Đặt 180 tấm, shop nhờ đặt 2 đơn cho có số lượng. Ok ( Phí gấp đôi ) Nhưng chỉ nhận đc 1 đơn 90t còn 1 đơn tầm gần 1 tháng vẫn ko có. Shop nhờ hổ trợ đặt lại 90t ok mình vẫn đồng ý, khoảng 7 ngày mới nhận đc đơn này. Hôm nay mở ra thì phát hiện loại kém chất lượng khác loại, bg làm sao quá kém.	2021-11-28 18:16:38	2026-09-29 23:55:46	3	3	0	3	3	OK	gemini_3.8_flash
sp_8296290715	shopee	1365139205	general	FREE SHIP XỐP DÁN TƯỜNG 3D CHỐNG ẨM CÁCH ÂM CÁCH NHIỆT GIÁ RẺ		1	mua 50 vàng kem, 10 đen, shop giao chỉ 50 vàng kem còn đen thì không giao, mà hoá đơn thì lại tính tiền 50 vàng kem + 10 đen...không hài lòng🤔	2022-05-07 14:44:37	2026-09-29 23:55:46	0	3	0	0	3	OK	gemini_3.8_flash
